,Wavelength,Absorbance
0,197.74229431152344,0.15938680490392831
1,198.54447826629888,0.2624217538910592
2,199.3465966950384,0.1342153609137113
3,200.14864957034217,0.0953055906048478
4,200.9506368648104,0.17701152110242213
5,201.75255855104328,0.1832724941841984
6,202.55441460164096,0.17556038804892804
7,203.35620498920363,0.17550604121271288
8,204.1579296863315,0.1768398657770336
9,204.95958866562475,0.1822539363195848
10,205.76118189968352,0.18595305421517688
11,206.5627093611081,0.19890047788565798
12,207.3641710224985,0.1929527837907517
13,208.16556685645503,0.19872186680283493
14,208.96689683557796,0.19715057956066162
15,209.76816093246725,0.19438875384951385
16,210.56935911972323,0.21391615802248068
17,211.37049136994605,0.21837260456104862
18,212.1715576557359,0.22056009907257476
19,212.972557949693,0.23645554418309342
20,213.77349222441745,0.2436391339436315
21,214.5743604525095,0.2528133547358046
22,215.3751626065693,0.258156197617276
23,216.17589865919703,0.2647377786071462
24,216.97656858299297,0.25852875910529294
25,217.7771723505572,0.26138780527594246
26,218.5777099344899,0.26734536380343643
27,219.3781813073913,0.27016647272430344
28,220.1785864418616,0.2708793244601899
29,220.9789253105009,0.269002350934697
30,221.77919788590947,0.2650029293072596
31,222.57940414068744,0.2592283280594968
32,223.37954404743505,0.2492299704774814
33,224.17961757875244,0.239276266808211
34,224.9796247072398,0.23079145702931908
35,225.77956540549727,0.21962679369409924
36,226.5794396461252,0.20932898260567592
37,227.3792474017236,0.20074400635434853
38,228.1789886448927,0.19433236580161492
39,228.97866334823271,0.1893005270517975
40,229.7782714843438,0.18499556971198566
41,230.57781302582617,0.18256770617393003
42,231.37728794528,0.18263232965752754
43,232.1766962153054,0.18656675537603948
44,232.97603780850267,0.19231351401518942
45,233.77531269747192,0.19896338339458108
46,234.5745208548134,0.20862218353516754
47,235.3736622531272,0.21944855673111152
48,236.1727368650136,0.23509439467300108
49,236.97174466307268,0.25051152252394593
50,237.77068561990475,0.26635769163322437
51,238.5695597081099,0.28521418808954807
52,239.36836690028832,0.3031110551079101
53,240.16710716904024,0.3259024748846125
54,240.96578048696583,0.34724977854800815
55,241.76438682666523,0.3685363739412077
56,242.5629261607387,0.38898461164860976
57,243.3613984617864,0.4118545669358493
58,244.1598037024084,0.433684794886699
59,244.95814185520507,0.4537505299154389
60,245.7564128927765,0.470590251316046
61,246.5546167877229,0.4834707260055706
62,247.3527535126444,0.49404958217732464
63,248.1508230401412,0.49898213921981016
64,248.9488253428135,0.49904376861294986
65,249.74676039326152,0.49683977189276884
66,250.5446281640854,0.49701545285271975
67,251.3424286278853,0.4927656713465136
68,252.14016175726152,0.4852994521321844
69,252.9378275248141,0.4702298612433672
70,253.73542590314332,0.4510417385898392
71,254.53295686484933,0.42142308486528557
72,255.33042038253237,0.38508152732851997
73,256.12781642879247,0.34315883199032254
74,256.92514497623,0.2994540315146131
75,257.722405997445,0.2536473750238284
76,258.51959946503774,0.2079220234970116
77,259.3167253516084,0.16511290343981064
78,260.1137836297571,0.12548618601692085
79,260.9107742720841,0.09123159536351955
80,261.7076972511896,0.06293510792908202
81,262.5045525396736,0.04128035016775383
82,263.3013401101365,0.024203202782061506
83,264.0980599351784,0.012511343029130984
84,264.8947119873995,0.0028115932223982676
85,265.69129623939995,-0.005513875887494246
86,266.48781266377995,-0.007597495782245778
87,267.2842612331397,-0.010954481059164578
88,268.0806419200794,-0.011733805051022672
89,268.8769546971992,-0.012375096897715376
90,269.6731995370993,-0.0118250129939107
91,270.46937641237986,-0.012773098464876176
92,271.2654852956411,-0.011653414674505702
93,272.06152615948315,-0.008997999099953913
94,272.8574989765063,-0.008573779689361294
95,273.65340371931063,-0.006661594037923435
96,274.44924036049633,-0.004982219299689283
97,275.2450088726636,-0.003400471698769225
98,276.0407092284127,-0.0018492448513824367
99,276.83634140034377,-0.003472668623669517
100,277.6319053610569,-0.006828606958455663
101,278.4274010831524,-0.008565470886946536
102,279.2228285392304,-0.008315007178950673
103,280.01818770189107,-0.005776159211656695
104,280.8134785437346,-0.0014242315086946955
105,281.60870103736124,0.002488763089674717
106,282.4038551553711,0.0038694986519102748
107,283.1989408703644,-0.0010678375900232129
108,283.99395815494125,-0.004250353015726849
109,284.7889069817019,-0.003645631095977153
110,285.5837873232466,-0.0014709158548356638
111,286.3785991521754,0.003370295649313626
112,287.1733424410886,0.006149174668647672
113,287.9680171625863,0.009649962576858462
114,288.7626232892688,0.012274603724013178
115,289.55716079373605,0.01416888897279861
116,290.35162964858847,0.015820633675970863
117,291.1460298264262,0.017355934463331057
118,291.94036129984926,0.0165851084402604
119,292.73462404145806,0.019135523655643305
120,293.52881802385264,0.023505088434206678
121,294.32294321963326,0.024586154857140607
122,295.11699960140004,0.026626565996217155
123,295.9109871417532,0.028560698278644603
124,296.7049058132929,0.03262996619536801
125,297.49875558861936,0.03644472861791537
126,298.29253644033275,0.03608601404518169
127,299.08624834103324,0.04003883607728148
128,299.87989126332104,0.043198483779278846
129,300.6734651797963,0.046547586664999197
130,301.46697006305925,0.04802924587630633
131,302.26040588571004,0.04920072793481317
132,303.05377262034887,0.05044532119787884
133,303.8470702395759,0.05041779837336399
134,304.6402987159913,0.048220270121171305
135,305.43345802219534,0.04925006188953196
136,306.22654813078816,0.04909135637179332
137,307.0195690143699,0.05317048371191005
138,307.8125206455408,0.059321618037326884
139,308.605402996901,0.062065751908610495
140,309.3982160410507,0.06399469533330657
141,310.19095975059014,0.06268096271326537
142,310.9836340981194,0.06228794933300236
143,311.77623905623875,0.05995778826490142
144,312.5687745975483,0.06360959005009673
145,313.3612406946484,0.06431359365929537
146,314.15363732013896,0.06788003816526395
147,314.9459644466204,0.06973280475432134
148,315.7382220466928,0.06986377922032144
149,316.53041009295634,0.07142710558653423
150,317.32252855801124,0.07290022224281761
151,318.1145774144577,0.07463472839507443
152,318.9065566348959,0.07553475539832885
153,319.69846619192595,0.07486671229335115
154,320.4903060581481,0.07170166176512563
155,321.2820762061625,0.07206534794955863
156,322.0737766085694,0.07229810170397152
157,322.8654072379689,0.06901992216208433
158,323.65696806696127,0.06856338790170177
159,324.44845906814663,0.06981301819365404
160,325.23988021412515,0.07061143875612255
161,326.03123147749704,0.06831766924963362
162,326.82251283086254,0.06841549086500165
163,327.6137242468218,0.06917967325422048
164,328.4048656979749,0.0684147168252578
165,329.1959371569222,0.06710072061748182
166,329.9869385962637,0.06671178196435254
167,330.7778699885998,0.06903319201165081
168,331.5687313065305,0.07104338672105989
169,332.35952252265605,0.07520312269110815
170,333.15024360957665,0.07512801734980715
171,333.94089453989244,0.07961626411828168
172,334.73147528620365,0.08294055591426658
173,335.52198582111043,0.08639351991996844
174,336.312426117213,0.08702294196147187
175,337.1027961471115,0.08693883016748752
176,337.8930958834062,0.08857100829890707
177,338.6833252986972,0.09001977994143043
178,339.4734843655847,0.09431631099077223
179,340.26357305666886,0.09302234958065636
180,341.05359134454994,0.09570178228287993
181,341.8435392018281,0.09818860502587093
182,342.6334166011034,0.09655184686696372
183,343.42322351497626,0.09764704749167688
184,344.21295991604666,0.09810815252450533
185,345.0026257769149,0.09911636149456685
186,345.7922210701811,0.09909010398772564
187,346.58174576844544,0.0985420261795589
188,347.37119984430814,0.09901109973146222
189,348.1605832703694,0.09794907864055644
190,348.94989601922936,0.09868421012333475
191,349.7391380634882,0.09824585359851895
192,350.5283093757462,0.09901125488979773
193,351.3174099286034,0.09637914484538654
194,352.1064396946601,0.09703859457462394
195,352.8953986465164,0.09581676451126736
196,353.68428675677256,0.09330120974119319
197,354.4731039980287,0.08998894266412039
198,355.26185034288505,0.08814958675905707
199,356.0505257639418,0.08754682315452647
200,356.8391302337991,0.0859560372739828
201,357.6276637250571,0.08304420274914548
202,358.4161262103161,0.08117189161888275
203,359.20451766217616,0.0778826612978151
204,359.9928380532376,0.07719041089864598
205,360.7810873561005,0.07167148871117424
206,361.56926554336496,0.07291878179306899
207,362.35737258763135,0.06987321437097019
208,363.14540846149976,0.06400644279652637
209,363.9333731375704,0.05990395247589575
210,364.7212665884434,0.058851610105469715
211,365.5090887867191,0.056342539281435206
212,366.2968397049975,0.05561530657899219
213,367.0845193158788,0.054370889673030554
214,367.8721275919633,0.05000064169443974
215,368.6596645058512,0.046538018233814926
216,369.4471300301425,0.04551397439925364
217,370.2345241374375,0.04019598828246282
218,371.0218468003365,0.03898771462273398
219,371.8090979914394,0.034249181087603
220,372.5962776833466,0.031147799168988133
221,373.38338584865824,0.026804244439333713
222,374.1704224599745,0.026610841116744888
223,374.9573874898956,0.025407651072121895
224,375.7442809110216,0.024040060954406528
225,376.5311026959528,0.019801382213485264
226,377.3178528172894,0.015351187777679187
227,378.10453124763154,0.013346295044990075
228,378.89113795957934,0.009486961965704532
229,379.6776729257331,0.007120114363683705
230,380.46413611869286,0.005946741516300258
231,381.250527511059,0.00880924616251949
232,382.0368470754315,0.004555179458808678
233,382.8230947844107,0.0076475644757934
234,383.6092706105968,0.005369944901889412
235,384.39537452658976,0.004880608499516381
236,385.18140650499,0.005406496222503054
237,385.9673665183976,0.0033785535626069674
238,386.7532545394128,-0.0005212064736036526
239,387.5390705406356,-0.000938713171854455
240,388.3248144946665,-0.0024653661708654573
241,389.1104863741055,-0.00028252627615565906
242,389.8960861515527,0.0002288024242583786
243,390.6816137996085,-0.0012079749327822964
244,391.46706929087287,-0.0028813560615006395
245,392.25245259794616,-0.0031618508365279796
246,393.0377636934284,-0.00326292369377823
247,393.82300254992,-0.00745779832640775
248,394.6081691400209,-0.009750298099917287
249,395.3932634363314,-0.009624573190105346
250,396.1782854114517,-0.009316468522172161
251,396.963235037982,-0.012228425351577199
252,397.7481122885224,-0.010832868843919985
253,398.5329171356731,-0.007299384185540658
254,399.3176495520343,-0.007070288162028759
255,400.1023095102062,-0.006809165602359224
256,400.886896982789,-0.005090434710587677
257,401.6714119423829,-0.004143869577502679
258,402.455854361588,-0.00650143755392385
259,403.2402242130046,-0.006028645472311356
260,404.0245214692328,-0.006939585683634564
261,404.8087461028727,-0.008186249738729057
262,405.5928980865247,-0.004985952652692638
263,406.3769773927888,-0.003845844042494162
264,407.1609839942653,-0.002757251341868605
265,407.9449178635543,-0.0061445119105507096
266,408.72877897325606,-0.008472849117684644
267,409.51256729597065,-0.00393803468388082
268,410.2962828042984,-0.007163338826032317
269,411.0799254708394,-0.0074699704509172404
270,411.8634952681939,-0.008802996969382304
271,412.646992168962,-0.010542123653060953
272,413.430416145744,-0.011582835577141681
273,414.2137671711399,-0.012533680800445535
274,414.9970452177501,-0.011571058833820647
275,415.7802502581746,-0.008780200563161922
276,416.5633822650137,-0.007848582784642177
277,417.3464412108675,-0.00844600527707523
278,418.1294270683362,-0.005957816111047232
279,418.91233981002017,-0.009644532166577735
280,419.6951794085194,-0.008404224435579477
281,420.47794583643406,-0.007173718970160725
282,421.2606390663644,-0.007158667636356197
283,422.0432590709106,-0.008118595803287276
284,422.82580582267286,-0.006695572660844196
285,423.6082792942513,-0.004669815920478826
286,424.3906794582462,-0.00617767358452409
287,425.1730062872577,-0.005320576568971613
288,425.9552597538859,-0.003553849380408536
289,426.7374398307311,-0.0023431912904971486
290,427.5195464903935,-0.002370430811314772
291,428.3015797054732,-0.0017609923464150246
292,429.0835394485703,-0.00020194525179795253
293,429.8654256922852,0.002254176038114619
294,430.647238409218,0.008398583659088243
295,431.4289775719688,0.010613454674132328
296,432.2106431531379,0.010051173274800262
297,432.9922351253254,0.009705447932862654
298,433.7737534611316,0.014114491080724823
299,434.55519813315647,0.018671925449205262
300,435.3365691140004,0.016053153097365158
301,436.11786637626346,0.01770658180980783
302,436.89908989254593,0.014265897343410494
303,437.6802396354479,0.012602011104657918
304,438.4613155775696,0.012422807523042478
305,439.2423176915112,0.009307939792843167
306,440.02324594987294,0.0006885465894219123
307,440.8041003252549,-0.004669425357873402
308,441.5848807902574,-0.00572226321910041
309,442.3655873174805,-0.009284088871177876
310,443.1462198795244,-0.0022411067476793
311,443.92677844898935,0.002018643233075934
312,444.7072629984754,0.0024697297595782652
313,445.487673500583,0.006371615435805222
314,446.2680099279121,0.009151424904534855
315,447.0482722530629,0.01219316422436878
316,447.82846044863567,0.011362670848046375
317,448.60857448723056,0.00572567078596703
318,449.38861434144775,-0.0005134141078592669
319,450.1685799838874,-0.0008813915579697906
320,450.94847138714977,-0.0032008812144049825
321,451.728288523835,-0.0034104227498158446
322,452.5080313665432,0.00045508093142471173
323,453.2876998878747,-0.0010182613001279428
324,454.0672940604296,-0.005007916200090778
325,454.846813856808,0.004665016182682613
326,455.6262592496103,0.003933607221951518
327,456.40563021143646,-0.0003291355753720637
328,457.1849267148869,-0.010808895711145017
329,457.9641487325615,-0.004934968085134883
330,458.7432962370608,-0.007897834184088737
331,459.5223692009846,-0.00581261582643966
332,460.3013675969334,-0.010911303229681257
333,461.08029139750727,-0.006697442941581866
334,461.8591405753064,-0.005680924659456799
335,462.6379151029309,-0.009064704278698377
336,463.416614952981,-0.008192718332363846
337,464.195240098057,-0.007978075795320505
338,464.9737905107589,-0.007723773491808084
339,465.7522661636871,-0.004727920953022768
340,466.53066702944153,-0.008073078499796216
341,467.30899308062254,-0.0034340477938868963
342,468.0872442898303,-0.00020301618514861897
343,468.8654206296649,0.00034216553878629874
344,469.6435220727267,-0.0031023950397974787
345,470.4215485916157,-0.005091335513703221
346,471.1995001589322,-0.0017923261198800056
347,471.9773767472763,-0.00926774051509055
348,472.7551783292483,-0.0030808401458245482
349,473.5329048774482,0.0007385686520815504
350,474.3105563644765,-0.004188136267061382
351,475.088132762933,-0.0029358429640782835
352,475.8656340454181,-0.0007668419881263211
353,476.643060184532,0.002219014874589975
354,477.4204111528748,-0.007698315362383412
355,478.1976869230468,-0.008740452831720091
356,478.974887467648,-0.004312069427237386
357,479.7520127592787,-0.002770352989011571
358,480.5290627705391,-0.006752073196110875
359,481.3060374740294,0.001985100842331944
360,482.0829368423497,-0.006698832943620947
361,482.8597608481002,-0.0056260105307146535
362,483.6365094638812,-0.002649007536465353
363,484.4131826622927,-0.0020942216167672556
364,485.189780415935,-0.0006732907545822786
365,485.96630269740825,-0.006044782958299633
366,486.7427494793127,-0.0009371841695586247
367,487.5191207342484,-0.002228202363033449
368,488.2954164348157,0.001907959446792118
369,489.07163655361467,-0.007275851708460013
370,489.8477810632455,-0.002890121063294504
371,490.6238499363084,-0.001904327222988056
372,491.3998431454036,0.002201916199259857
373,492.17576066313126,-0.006827409747971025
374,492.9516024620914,-0.00600966438296735
375,493.7273685148845,-0.002827302878759985
376,494.5030587941105,0.0034659176702853123
377,495.27867327236976,-0.0006775988312928138
378,496.0542119222623,-0.0005064906046963746
379,496.8296747163884,0.0037752784629266345
380,497.6050616273482,-0.004011988278936951
381,498.380372627742,-0.0008927478894396046
382,499.1556076901698,-0.0060008862955999165
383,499.9307667872319,0.0038388185576737066
384,500.7058498915285,0.004634794166949674
385,501.4808569756597,-0.0051312414564377296
386,502.25578801222576,-0.0026707653283270516
387,503.0306429738269,0.0031801103515108897
388,503.8054218330631,0.0013125965257070327
389,504.5801245625348,-0.0004615974356056429
390,505.354751134842,-0.005341050395750835
391,506.12930152258497,-0.004003699428083596
392,506.9037756983639,0.0024695830938681884
393,507.6781736347789,0.00031524503337926335
394,508.45249530443033,0.0034983221694695477
395,509.2267406799181,-0.0025467761720422977
396,510.00090973384266,0.0018905225614063714
397,510.7750024388041,0.0024398206368715925
398,511.54901876740246,-0.0002682180359804831
399,512.3229586922381,0.00342089589595046
400,513.0968221859112,0.005251170519297632
401,513.8706092210218,0.004691334197128916
402,514.6443197701702,0.004603457938501421
403,515.4179538059566,-0.0006515264308503133
404,516.1915113009811,-0.0030336944329689697
405,516.964992227844,0.0011266958513680425
406,517.7383965591455,0.0005697726317119844
407,518.5117242674855,0.002359504049101735
408,519.2849753254645,-8.37994353031224e-05
409,520.0581497056826,0.0014837995155442818
410,520.8312473807399,-0.00328075210191886
411,521.6042683232366,0.00043139602732467086
412,522.3772125057731,9.192276503033892e-05
413,523.1500799009492,0.0025669566609104466
414,523.9228704813653,0.000809422182307229
415,524.6955842196217,0.0006904878449424667
416,525.4682210883184,-0.002080598847385151
417,526.2407810600556,0.005289967580801691
418,527.0132641074337,0.0038046346597924163
419,527.7856702030525,0.001919980878513472
420,528.5579993195124,0.0026929844038450224
421,529.3302514294137,0.0004067394018195669
422,530.1024265053564,0.0032477620133586904
423,530.8745245199408,0.0008302454101293821
424,531.6465454457671,-0.00012190905896974913
425,532.4184892554352,-0.0013946231452417468
426,533.1903559215457,-0.0003750156272682714
427,533.9621454166985,-0.0010935973359977313
428,534.733857713494,-0.004180532806510262
429,535.5054927845321,0.0011639570079818862
430,536.2770506024132,-0.0021221292711348094
431,537.0485311397374,-6.830228090148882e-05
432,537.8199343691049,-0.001380826166678839
433,538.5912602631159,-0.0028257233866796905
434,539.3625087943706,0.0010558930033599534
435,540.1336799354691,0.0031698714203369782
436,540.9047736590117,0.003702328411822775
437,541.6757899375986,0.0014167259079784222
438,542.4467287438298,-0.0006167137878051454
439,543.2175900503056,0.006040391267772671
440,543.9883738296262,0.004099615316927818
441,544.7590800543918,0.0019888305354439084
442,545.5297086972025,-0.004161041842819568
443,546.3002597306586,0.0019859015123501744
444,547.0707331273602,0.003662587281369034
445,547.8411288599074,0.0041641860801080455
446,548.6114469009005,0.0017326486899193472
447,549.3816872229398,0.004028828904219572
448,550.1518497986253,0.002628784230244874
449,550.9219346005573,0.0038520400663619725
450,551.6919416013359,0.006847337279809518
451,552.4618707735613,0.003978082668020966
452,553.2317220898335,-0.0032558774301671423
453,554.0014955227531,0.00031701411208889807
454,554.77119104492,-0.00031161207485452813
455,555.5408086289344,-0.0009969018614474079
456,556.3103482473966,0.00526751377857293
457,557.0798098729067,0.008660304690812193
458,557.8491934780649,0.006928280503205486
459,558.6184990354714,0.004213740947207667
460,559.3877265177264,-0.001186208649618714
461,560.1568758974299,0.006239395480803711
462,560.9259471471823,0.0019257141802772604
463,561.6949402395837,-0.005573704902831378
464,562.4638551472344,-0.0024295416106143164
465,563.2326918427344,-0.0009312322277762464
466,564.0014502986841,0.0037549749278982802
467,564.7701304876834,0.0046516798239848445
468,565.5387323823327,0.005166000936353721
469,566.3072559552322,-0.005771526827957452
470,567.075701178982,-0.0005163968732214697
471,567.8440680261822,0.0010420099937488159
472,568.612356469433,0.001462214314543575
473,569.3805664813349,0.001502816012646735
474,570.1486980344877,0.0015704586202702764
475,570.9167511014917,0.0011740014122312292
476,571.6847256549472,0.004368115541598605
477,572.4526216674542,0.00411621094818676
478,573.220439111613,0.004053110669428428
479,573.9881779600239,0.0043328800252068755
480,574.7558381852868,0.004296510727387681
481,575.5234197600022,0.0033812888202366387
482,576.29092265677,-0.0016160823361841548
483,577.0583468481905,-0.004089358100281493
484,577.8256923068639,0.0028334294023683593
485,578.5929590053904,0.0038933542692676237
486,579.3601469163701,0.0036827212452605895
487,580.1272560124033,-0.001714919410140625
488,580.8942862660901,0.00858190861824118
489,581.6612376500308,0.010060272798080333
490,582.4281101368254,0.008125478912921813
491,583.1949036990742,0.01234579998470367
492,583.9616183093774,0.006819432136954323
493,584.7282539403351,0.006013392404401657
494,585.4948105645475,0.003597799560537074
495,586.2612881546148,0.0035205626023739334
496,587.0276866831373,0.001989259266886423
497,587.794006122715,0.0013143367248070192
498,588.5602464459482,-0.0014593234870072802
499,589.3264076254371,-0.0006539436605094151
500,590.0924896337817,-0.0018871995077189285
501,590.8584924435825,0.0005847546333842546
502,591.6244160274395,0.0049450101869799035
503,592.3902603579527,0.002961388510385854
504,593.1560254077226,8.189551349735424e-05
505,593.9217111493492,8.953708927639248e-05
506,594.6873175554329,-0.0023052917130380046
507,595.4528445985735,-0.0043885444704772625
508,596.2182922513716,-0.0006414740896352189
509,596.9836604864271,-0.0022061954735474454
510,597.7489492763402,-5.326004882399982e-05
511,598.5141585937114,0.005147171979019455
512,599.2792884111404,0.0020536777680191243
513,600.0443387012277,-0.0005273293853837457
514,600.8093094365736,0.0023384718781575
515,601.5742005897779,0.00038291986762745145
516,602.339012133441,0.004461166743814249
517,603.1037440401632,0.0008621933459848075
518,603.8683962825444,0.005412635753412859
519,604.632968833185,0.012400674174152138
520,605.3974616646851,0.0041530094689709585
521,606.161874749645,-0.0017755820402176603
522,606.9262080606646,0.0009080866347147554
523,607.6904615703445,0.0034443692756879196
524,608.4546352512846,0.0026551859950046386
525,609.218729076085,0.0076197425209414416
526,609.9827430173461,0.0012767186543450326
527,610.7466770476681,-0.0028518459391547735
528,611.510531139651,-0.0016884981874943916
529,612.2743052658951,-0.0029231046104166714
530,613.0379993990006,0.001499739026520841
531,613.8016135115676,0.002120559919565723
532,614.5651475761963,-0.0021769689863360697
533,615.328601565487,-0.0026938174272944093
534,616.0919754520398,-0.005808274404536684
535,616.8552692084548,-0.004270997081352146
536,617.6184828073324,-0.004314095001912099
537,618.3816162212726,-0.0005619156520855206
538,619.1446694228756,0.0027943388524100665
539,619.9076423847416,0.0028854023474185198
540,620.6705350794709,0.002712816827969311
541,621.4333474796636,-0.00037271210800171595
542,622.1960795579197,-0.0009691855745878608
543,622.9587312868397,0.0005810207609187046
544,623.7213026390236,-0.001349450827011378
545,624.4837935870717,0.002365112963607391
546,625.2462041035841,0.005222299448271073
547,626.0085341611609,-0.0006636213583641748
548,626.7707837324024,0.0018858010189800045
549,627.5329527899088,-0.0012561536759410075
550,628.2950413062803,-0.002795271472855354
551,629.0570492541169,-0.0015994009607531723
552,629.8189766060191,-0.0030548907391391156
553,630.5808233345867,-0.0031670752942332125
554,631.3425894124202,-0.005056083381018761
555,632.1042748121197,0.004027967037377372
556,632.8658795062854,0.0042828230949739365
557,633.6274034675173,-0.0008008746073557838
558,634.3888466684158,-0.003187286051167554
559,635.150209081581,-0.002824717716606806
560,635.911490679613,0.0015961205181811156
561,636.6726914351123,0.009099475474836388
562,637.4338113206786,0.008640036835969894
563,638.1948503089125,0.009448254810558193
564,638.9558083724139,0.006331094651648439
565,639.7166854837833,0.00434550260662761
566,640.4774816156206,0.005880757180427437
567,641.2381967405261,0.004294838934178508
568,641.9988308310999,0.006922315252988143
569,642.7593838599423,0.009139622766874717
570,643.5198557996534,0.005417309184176433
571,644.2802466228335,0.002405310984717135
572,645.0405563020827,-0.00023965015017662905
573,645.800784810001,-0.0011612091524520751
574,646.5609321191889,-0.0013492942540043462
575,647.3209982022465,0.002853868599668269
576,648.0809830317739,-0.0015313134740955192
577,648.8408865803714,-0.005329076119070686
578,649.600708820639,-0.006296923040362862
579,650.3604497251771,-0.0030904323845400983
580,651.1201092665856,-0.004946440680023312
581,651.879687417465,-0.0025369816308902227
582,652.6391841504153,-0.0025400677824374274
583,653.3985994380367,-0.0012269775318046738
584,654.1579332529295,0.00133004804034767
585,654.9171855676938,0.003385451046387683
586,655.6763563549297,0.005797291644371844
587,656.4354455872375,0.00885676218566775
588,657.1944532372174,0.007408004157517051
589,657.9533792774695,0.0016709295163324644
590,658.712223680594,0.002397330993496649
591,659.470986419191,0.004809271558224831
592,660.229667465861,0.002682873013340137
593,660.9882667932038,-0.0008384590226238609
594,661.7467843738199,-0.0001076260277350638
595,662.5052201803093,-0.004667851612269763
596,663.2635741852721,0.0032807440171181423
597,664.0218463613088,0.006962653608412611
598,664.7800366810193,0.007415758395808908
599,665.5381451170039,0.001550825266642103
600,666.2961716418627,-0.0031162454699769915
601,667.054116228196,-0.005753605566459319
602,667.8119788486039,-0.00879577592107425
603,668.5697594756866,-0.007992268863491497
604,669.3274580820444,-0.004445552256015228
605,670.0850746402772,0.0004910490933401623
606,670.8426091229854,0.0026869589862439647
607,671.6000615027693,0.0011690299163956142
608,672.3574317522289,0.0036075420133960256
609,673.1147198439644,0.004452968993924389
610,673.871925750576,0.002432485657128669
611,674.6290494446638,0.004036223218473189
612,675.3860908988281,0.0079021880719721
613,676.1430500856692,0.006185373982334347
614,676.899926977787,0.002780717561551266
615,677.6567215477819,0.0008824421516020475
616,678.413433768254,0.003529238086417086
617,679.1700636118035,0.004459168056985069
618,679.9266110510305,0.00021574656743036935
619,680.6830760585353,0.0002005003682770956
620,681.4394586069182,0.002575196794917245
621,682.195758668779,0.005247504846113693
622,682.9519762167182,0.0013156411385200073
623,683.7081112233359,0.0015454313900345185
624,684.4641636612323,4.351565283056136e-06
625,685.2201335030076,-0.0002819643388302928
626,685.9760207212619,-0.004788914187939086
627,686.7318252885955,-0.003180269681807041
628,687.4875471776083,0.00044103943349907415
629,688.243186360901,0.0054126204208165
630,688.9987428110734,0.007378141609704625
631,689.7542165007256,0.005305874156765755
632,690.5096074024582,0.004282209458146169
633,691.264915488871,0.0038785184296304953
634,692.0201407325644,0.0062278213112983705
635,692.7752831061384,0.007143433219036183
636,693.5303425821935,0.009431017584434348
637,694.2853191333295,0.0027826871713587664
638,695.0402127321468,0.003841540396160803
639,695.7950233512456,0.001858363723036549
640,696.549750963226,0.0020582342047764934
641,697.3043955406881,0.0004847322075879068
642,698.0589570562324,-0.0022171635937736633
643,698.8134354824588,-0.000804402348782457
644,699.5678307919675,0.0020322601472492763
645,700.3221429573589,0.0032680830278325468
646,701.0763719512329,0.005030683718022788
647,701.8305177461899,-0.0044408170385907
648,702.58458031483,-0.006653283648684033
649,703.3385596297534,-0.00580032582299303
650,704.0924556635601,0.0013787395683651782
651,704.8462683888507,-0.00100202719664097
652,705.5999977782251,0.0009882571401328144
653,706.3536438042834,0.0009102204466291675
654,707.107206439626,-7.754864235978709e-05
655,707.860685656853,0.0029167090828113307
656,708.6140814285645,0.0033699682811594023
657,709.3673937273609,0.00826760335730789
658,710.1206225258421,0.004714500437179608
659,710.8737677966085,0.007846024035018856
660,711.6268295122602,0.006710806144130443
661,712.3798076453975,0.0038292809585770415
662,713.1327021686204,0.0048711872298575765
663,713.8855130545292,0.0073964351953599294
664,714.638240275724,0.00732091410287064
665,715.3908838048051,0.008218375041655873
666,716.1434436143726,0.008700351057196909
667,716.8959196770267,0.011931934793909638
668,717.6483119653676,0.00971147701405331
669,718.4006204519955,0.006016103434974718
670,719.1528451095104,0.0033180328187898678
671,719.9049859105128,-0.0014403063225732482
672,720.6570428276027,-0.0024921240476123985
673,721.4090158333803,-0.0024381550886010683
674,722.1609049004459,0.002812259059211758
675,722.9127100013994,0.003963256540218174
676,723.6644311088412,0.004475661752181337
677,724.4160681953715,-0.0022886390447483806
678,725.1676212335905,-0.0036774859268852156
679,725.9190901960982,0.00029171083122628283
680,726.670475055495,-0.004898415502850695
681,727.4217757843809,-0.007172577890084297
682,728.1729923553562,-0.0006259043592928004
683,728.924124741021,0.00274340058048797
684,729.6751729139758,0.003652908584162756
685,730.4261368468202,0.0014951826032674198
686,731.1770165121549,0.0012033853146160567
687,731.9278118825798,0.003462117262717307
688,732.6785229306952,0.0064937007813169745
689,733.4291496291013,0.00679225323060953
690,734.1796919503981,0.004124638896001176
691,734.9301498671861,-0.0024805884143510315
692,735.6805233520652,0.0013099506332364952
693,736.4308123776358,-0.0034398081961464766
694,737.1810169164979,-0.003994827691497088
695,737.9311369412518,-0.004468722335370545
696,738.6811724244976,0.0009958251191013734
697,739.4311233388356,-0.001051931169859105
698,740.1809896568659,0.005254541260535928
699,740.9307713511887,0.0053724020748989465
700,741.6804683944042,0.00286204875453136
701,742.4300807591125,-0.000628583711505537
702,743.1796084179139,0.00022699277560853104
703,743.9290513434086,-0.0009689578460679027
704,744.6784095081966,-0.001596193319028133
705,745.4276828848783,-0.0027245033604316182
706,746.1768714460538,0.002498721980788682
707,746.9259751643233,0.007221773194275832
708,747.6749940122868,0.0009684961211679777
709,748.4239279625448,0.0007446623000627872
710,749.1727769876973,0.003926271975438628
711,749.9215410603445,0.0026656807945325267
712,750.6702201530866,0.0030183749804319204
713,751.4188142385237,0.007098243750659511
714,752.1673232892562,0.012950357987759259
715,752.9157472778841,0.005787944263613315
716,753.6640861770077,-8.588967040523698e-05
717,754.412339959227,0.0034494062789140745
718,755.1605085971423,0.005467929438510377
719,755.9085920633538,0.012498659225443243
720,756.6565903304618,0.0017150740052213065
721,757.4045033710662,-0.0045883056442220516
722,758.1523311577674,0.0012674318205015966
723,758.9000736631656,0.003104196928650771
724,759.6477308598608,-0.0007788207362769972
725,760.3953027204534,-0.0004296287325683823
726,761.1427892175434,-0.0018077271735578437
727,761.8901903237311,-0.0013533216275927462
728,762.6375060116166,-0.001832976144985482
729,763.3847362538002,0.000821573089190869
730,764.1318810228819,-0.00016290964953052933
731,764.8789402914621,0.0007788509033785918
732,765.6259140321408,-0.0021265038172191275
733,766.3728022175183,0.002841292018216174
734,767.1196048201947,0.00497405254012534
735,767.8663218127704,0.0030110235284354914
736,768.6129531678453,0.00022036882726753082
737,769.3594988580197,-0.0010076187214215493
738,770.1059588558938,-0.005239963462743219
739,770.8523331340677,-0.002310209460638618
740,771.5986216651418,2.636119282453664e-05
741,772.3448244217161,0.001223851676248805
742,773.0909413763908,0.0013140419565867423
743,773.8369725017661,-0.00020034195161458546
744,774.5829177704422,-0.0061603220610274845
745,775.3287771550193,-0.01044143241178358
746,776.0745506280975,-0.003451419537909284
747,776.8202381622772,0.003910461911706131
748,777.5658397301584,0.00594646147895983
749,778.3113553043412,0.005727891862009671
750,779.0567848574259,0.004109410243868017
751,779.8021283620127,0.0005266227907909371
752,780.5473857907018,0.0022750148025754424
753,781.2925571160933,0.0037480989112107232
754,782.0376423107875,0.0004096759840211961
755,782.7826413473846,-0.003060240694429228
756,783.5275541984845,-0.00355853740255041
757,784.2723808366877,0.0011320746920727986
758,785.0171212345944,-0.0015739791935670544
759,785.7617753648044,-0.004959811669433406
760,786.5063431999183,-0.008346402020139143
761,787.2508247125361,-0.006545626254689713
762,787.995219875258,-0.005959901521491534
763,788.7395286606842,-0.004847790453972045
764,789.483751041415,9.907874159659213e-05
765,790.2278869900503,0.004692914531531395
766,790.9719364791904,0.0065633623441948286
767,791.7158994814357,0.005526497833493765
768,792.4597759693861,0.0054862567885534674
769,793.2035659156419,-0.0010323109235459427
770,793.9472692928034,-0.007372808585199647
771,794.6908860734706,-0.01075881922387964
772,795.4344162302436,-0.00823439926117181
773,796.177859735723,-0.0056620432952169675
774,796.9212165625086,0.002323728064461933
775,797.6644866832007,0.004806268063736019
776,798.4076700703995,-0.009202666619367056
777,799.1507666967052,-0.012556711524680686
778,799.8937765347179,-0.0048793925035751085
779,800.6366995570379,0.0024416315020583945
780,801.3795357362653,0.004219949116482963
781,802.1222850450002,-5.915089482111391e-05
782,802.8649474558431,-0.006893296762486734
783,803.6075229413939,-0.0027266444712769344
784,804.3500114742528,-0.004493113426823431
785,805.0924130270201,-0.005604459661231104
786,805.834727572296,-0.007857060180299524
787,806.5769550826805,-0.006535811625376503
788,807.3190955307739,-0.0023920087900452802
789,808.0611488891765,-0.0019913344528424415
790,808.8031151304883,-0.003552051053990729
791,809.5449942273095,-0.008964441349697816
792,810.2867861522404,-0.008892065224794576
793,811.0284908778812,-0.009992582427193308
794,811.7701083768319,-0.003693334415180216
795,812.5116386216928,-0.008586150090895278
796,813.2530815850641,-0.005194657528883456
797,813.994437239546,-0.0013845041990077078
798,814.7357055577385,0.005295857768704476
799,815.476886512242,0.002520556019768
800,816.2179800756567,-3.1496785248608106e-05
801,816.9589862205826,-6.955213877063438e-05
802,817.69990491962,-0.0009639042935444264
803,818.4407361453691,0.003749227067124078
804,819.1814798704299,0.00078270866511293
805,819.9221360674029,0.0025488905703384412
806,820.6627047088881,0.006050293087082104
807,821.4031857674856,0.005924614651367649
808,822.1435792157959,0.0036488277145921566
809,822.8838850264187,0.00474505126533889
810,823.6241031719546,0.00193345145420884
811,824.3642336250036,0.0051757271407461
812,825.1042763581661,0.007399043080477091
813,825.8442313440419,0.0072452571385697995
814,826.5840985552314,0.005620321375575471
815,827.3238779643349,0.0050700300804712994
816,828.0635695439523,-0.002042228376642724
817,828.8031732666841,-0.0014975771185322395
818,829.5426891051302,-0.0005341879264649241
819,830.282117031891,-0.006039632758391339
820,831.0214570195665,-0.008868439153968483
821,831.7607090407571,-0.011555866767471834
822,832.4998730680628,-0.007869174498348008
823,833.2389490740838,0.000892816754482384
824,833.9779370314204,-0.0026297756810225448
825,834.7168369126728,-0.004635501656157004
826,835.455648690441,-0.008045372521731792
827,836.1943723373253,-0.004352681820646076
828,836.9330078259259,0.00330692121697973
829,837.6715551288428,0.003161287036378524
830,838.4100142186765,0.0021637395722776676
831,839.148385068027,0.0029550501950107444
832,839.8866676494945,0.004891466290394164
833,840.6248619356792,-0.0011336201299499138
834,841.3629678991813,-0.007044519550900713
835,842.1009855126009,-0.004736393863354421
836,842.8389147485382,-0.0011996262070086972
837,843.5767555795935,-0.0027698106482750284
838,844.3145079783669,0.0017735801065869028
839,845.0521719174586,0.005918393526137489
840,845.7897473694688,0.0010227184104781295
841,846.5272343069977,-0.007398781347864369
842,847.2646327026454,-0.011070078935043082
843,848.0019425290121,-0.0039576553422948635
844,848.7391637586982,-0.00019835488396818812
845,849.4762963643035,0.003319856467119714
846,850.2133403184284,0.003618005542121716
847,850.9502955936731,-0.002005108795947258
848,851.6871621626378,-0.004481313405191645
849,852.4239399979226,-0.00297181660867174
850,853.1606290721278,3.564761330732136e-05
851,853.8972293578535,-0.0034174871996148493
852,854.6337408276997,-0.004131097914596926
853,855.3701634542671,-0.006249068473201669
854,856.1064972101553,-0.009296003871174047
855,856.8427420679649,-0.0048161026200255475
856,857.5788980002958,0.011016475506520601
857,858.3149649797484,0.00953760599112577
858,859.0509429789228,0.0030855787976588334
859,859.7868319704191,-0.006553897080228327
860,860.5226319268377,-0.006331243327042185
861,861.2583428207785,-0.01005300545304294
862,861.9939646248419,-0.005153525023267769
863,862.729497311628,-0.004093838746009548
864,863.4649408537371,-0.0032115625127147607
865,864.2002952237692,-0.005087049028043716
866,864.9355603943246,-0.006516073309360798
867,865.6707363380034,-0.004183096817998333
868,866.4058230274059,-0.00037064829463526183
869,867.1408204351322,-0.006556151354495193
870,867.8757285337825,-0.005317770521145487
871,868.6105472959571,-0.0018121947792240911
872,869.345276694256,0.008064326411369727
873,870.0799167012794,0.008540247692913533
874,870.8144672896276,0.006726603189827485
875,871.5489284319008,-0.0025669778350032035
876,872.2833001006991,-0.004531438750261879
877,873.0175822686226,-0.006232863635477426
878,873.7517749082716,-0.0061585233612576895
879,874.4858779922463,-0.006022796625526544
880,875.2198914931469,-0.0013224870334014038
881,875.9538153835734,0.004667266857878771
882,876.6876496361263,0.0025477854294827518
883,877.4213942234055,0.0033327921908055946
884,878.1550491180112,-0.0007981579859078491
885,878.8886142925438,1.4335162231066123e-05
886,879.6220897196034,0.005111570560108164
887,880.35547537179,-0.0012793934073635493
888,881.0887712217041,-0.00014767221909259276
889,881.8219772419455,-0.0005595045913186492
890,882.5550934051148,-0.00330491017906151
891,883.2881196838118,-0.0060332304128823955
892,884.0210560506371,-0.011680794610550965
893,884.7539024781904,-0.007635455393434271
894,885.4866589390722,-0.008517579988845475
895,886.2193254058827,-0.008812998205011136
896,886.9519018512219,-0.008328716266151837
897,887.6843882476901,-0.009318689149972442
898,888.4167845678876,-0.009548398843846284
899,889.1490907844143,-0.007694806668059911
900,889.8813068698705,-0.007338529168662983
901,890.6134327968566,-0.007991414405559588
902,891.3454685379725,-0.010249050616626204
903,892.0774140658185,-0.005815162510651922
904,892.8092693529948,-0.0017131327569865351
905,893.5410343721015,-0.0012195233800170735
906,894.2727090957388,-0.002734480702625136
907,895.0042934965071,0.0017045401012979189
908,895.7357875470063,0.0027372662240078838
909,896.4671912198366,0.0032210064758453616
910,897.1985044875985,0.011776933538290124
911,897.9297273228918,0.012478393539454458
912,898.6608596983169,0.007243486176418318
913,899.391901586474,-0.002995335637360791
914,900.1228529599631,-0.005339816010832443
915,900.8537137913844,-0.0016817872624221297
916,901.5844840533384,0.00046767574157988157
917,902.3151637184252,0.0014790883565151958
918,903.0457527592446,0.0001217363856988729
919,903.776251148397,0.0026338196065087416
920,904.5066588584828,0.0059997854773511106
921,905.236975862102,0.001341860382151533
922,905.9672021318546,-0.00011653704221861738
923,906.6973376403412,0.00214357970696763
924,907.4273823601616,0.0047761333890788404
925,908.157336263916,0.006379506889451436
926,908.887199324205,0.0036488404189123635
927,909.6169715136284,0.0020898452857264216
928,910.3466528047866,-0.000977006206106884
929,911.0762431702796,-0.003330522819495363
930,911.8057425827076,-0.0014316940022094105
931,912.535151014671,-0.0022470740571525205
932,913.2644684387697,-0.003071605953321205
933,913.993694827604,-0.0025082624006015353
934,914.7228301537742,-0.0008721583534688493
935,915.4518743898803,-0.0013224584316240129
936,916.1808275085228,0.0028814839379195656
937,916.9096894823014,0.0037840830435917072
938,917.6384602838166,-0.0020814240723278365
939,918.3671398856684,-0.0012365227734637274
940,919.0957282604576,0.0008144927271059588
941,919.8242253807832,0.0023430376630796113
942,920.5526312192466,0.0007444003111490571
943,921.2809457484472,0.0004527312701994579
944,922.0091689409855,0.004974425591757398
945,922.7373007694616,0.006482732908294486
946,923.4653412064758,0.0022004862899194233
947,924.1932902246282,-0.005362967440536881
948,924.9211477965188,-0.003193181793384181
949,925.6489138947484,-0.002391287763565897
950,926.3765884919164,0.001782582501913238
951,927.1041715606232,0.007648736413011836
952,927.8316630734694,0.005408809742404236
953,928.5590630030548,-0.003109650400656
954,929.2863713219796,-0.0056385465650744815
955,930.0135880028442,-0.0025761618926145313
956,930.7407130182488,-0.0010613103693431492
957,931.467746340793,-0.003329649846271321
958,932.1946879430776,-0.00400640254341747
959,932.9215377977029,-0.0034532313419892435
960,933.6482958772684,-0.004543988140286892
961,934.374962154375,-0.0031681320824923365
962,935.1015366016225,0.00047919489930403625
963,935.828019191611,-0.00028431513957413723
964,936.5544098969408,-0.00440010643391453
965,937.2807086902122,-0.005669201038359356
966,938.0069155440252,-0.0033205493784262963
967,938.7330304309804,-0.0020197467902679234
968,939.4590533236774,-0.0023032600362417888
969,940.1849841947168,-0.0012085214208224504
970,940.9108230166984,0.0043802180233728505
971,941.6365697622228,0.00737619665243941
972,942.36222440389,0.001604412619191864
973,943.0877869143,-0.0022617161928123464
974,943.8132572660534,-0.004463311917576457
975,944.53863543175,0.005734689979148
976,945.2639213839902,0.005114887142458335
977,945.989115095374,-0.00011530332853471048
978,946.714216538502,-0.0010169758610266144
979,947.439225685974,3.065267616544909e-05
980,948.16414251039,-4.765824348773595e-05
981,948.8889669843508,0.0017679346622161696
982,949.6136990804562,0.0020493620595951334
983,950.3383387713064,-0.0019450986373514279
984,951.0628860295014,-0.006557675766727639
985,951.787340827642,-0.005701147956065106
986,952.5117031383276,-0.0044971341777508556
987,953.2359729341588,0.001027274733121808
988,953.960150187736,-0.0021602187085943136
989,954.6842348716588,-0.00938457551386851
990,955.408226958528,-0.01293662025691339
991,956.1321264209436,-0.009304231915874178
992,956.8559332315052,-0.00712128119600941
993,957.579647362814,-0.005800381371016766
994,958.3032687874694,-0.002706342038133469
995,959.0267974780718,-0.004608100769208201
996,959.7502334072216,-0.00988708562281218
997,960.4735765475186,-0.005854483427098683
998,961.1968268715632,-0.0019189172989231562
999,961.9199843519558,-0.0020772156135454023
1000,962.6430489612962,0.0034192062415971114
1001,963.3660206721848,0.009513094548702056
1002,964.0888994572216,0.010947421736478113
1003,964.8116852890072,0.011521779344094485
1004,965.5343781401414,0.013019280294859992
1005,966.2569779832244,0.012471552348493453
1006,966.9794847908564,0.010527854800047726
1007,967.7018985356376,0.0020957131054691047
1008,968.4242191901684,0.00025637662322888777
1009,969.1464467270488,-0.0032294811248166633
1010,969.8685811188792,-0.0023877773637928645
1011,970.5906223382592,0.004008626036662827
1012,971.3125703577896,0.008250565527517073
1013,972.0344251500704,0.008480028796998385
1014,972.7561866877016,0.006379669763499324
1015,973.4778549432835,0.009079876575993462
1016,974.1994298894164,0.011944906601337152
1017,974.9209114987004,0.009196766630712283
1018,975.6422997437356,0.007146489531322242
1019,976.3635945971224,0.006461982899748531
1020,977.0847960314608,0.006949729671102578
1021,977.805904019351,0.003830496076365042
1022,978.5269185333932,-0.003388041293159033
1023,979.2478395461876,-0.009438289993912524
1024,979.9686670303344,-0.01774615860490872
1025,980.6894009584338,-0.016363301468428654
1026,981.410041303086,-0.011028703962847913
1027,982.130588036891,-0.01003729484750357
1028,982.8510411324492,-0.014566103147055365
1029,983.5714005623609,-0.016780487410470862
1030,984.2916662992257,-0.01120709976791287
1031,985.0118383156444,-0.008320021942284178
1032,985.7319165842168,-0.007880631311738051
1033,986.4519010775434,-0.005647424095904935
1034,987.171791768224,-0.008490624022815807
1035,987.8915886288594,-0.009541967492807196
1036,988.6112916320492,-0.007314629996509392
1037,989.3309007503937,-0.006629908719604699
1038,990.0504159564932,-0.004591424611367967
1039,990.769837222948,-0.001860696074195367
1040,991.489164522358,0.05998860496962746
1041,992.2083978273234,0.16309262215295584
1042,992.9275371104446,0.2409309145436449
1043,993.6465823443216,
